"","Pathway","N","Up","Down","P.Up","P.Down"
"mmu05031","Amphetamine addiction",67,0,5,1,3.82098966512198e-06
"mmu04974","Protein digestion and absorption",100,0,5,1,2.72223194639735e-05
"mmu00531","Glycosaminoglycan degradation",21,3,0,0.000257642679130914,1
"mmu04360","Axon guidance",180,3,5,0.0938139823758488,0.000433007563583641
"mmu04728","Dopaminergic synapse",128,1,4,0.537482388042839,0.00108156694482574
